{"@t":"2023-05-02T08:35:02.7757500Z","@mt":"Acquiring MainDom.","SourceContext":"Umbraco.Cms.Core.Runtime.MainDom","ProcessId":33600,"ProcessName":"iisexpress","ThreadId":1,"ApplicationId":"a5f25ecf51c216cce21b457dce974f224ffe39ad","MachineName":"KARTHIK","Log4NetLevel":"INFO "}
{"@t":"2023-05-02T08:35:02.7904957Z","@mt":"Acquired MainDom.","SourceContext":"Umbraco.Cms.Core.Runtime.MainDom","ProcessId":33600,"ProcessName":"iisexpress","ThreadId":1,"ApplicationId":"a5f25ecf51c216cce21b457dce974f224ffe39ad","MachineName":"KARTHIK","Log4NetLevel":"INFO "}
{"@t":"2023-05-02T08:35:05.6842027Z","@mt":"Application started. Press Ctrl+C to shut down.","SourceContext":"Microsoft.Hosting.Lifetime","ProcessId":33600,"ProcessName":"iisexpress","ThreadId":1,"ApplicationId":"a5f25ecf51c216cce21b457dce974f224ffe39ad","MachineName":"KARTHIK","Log4NetLevel":"INFO "}
{"@t":"2023-05-02T08:35:05.6845923Z","@mt":"Hosting environment: {EnvName}","EnvName":"Development","SourceContext":"Microsoft.Hosting.Lifetime","ProcessId":33600,"ProcessName":"iisexpress","ThreadId":1,"ApplicationId":"a5f25ecf51c216cce21b457dce974f224ffe39ad","MachineName":"KARTHIK","Log4NetLevel":"INFO "}
{"@t":"2023-05-02T08:35:05.6849272Z","@mt":"Content root path: {ContentRoot}","ContentRoot":"C:\\Exaze\\Umbraco\\UmbracoProject5","SourceContext":"Microsoft.Hosting.Lifetime","ProcessId":33600,"ProcessName":"iisexpress","ThreadId":1,"ApplicationId":"a5f25ecf51c216cce21b457dce974f224ffe39ad","MachineName":"KARTHIK","Log4NetLevel":"INFO "}
{"@t":"2023-05-02T08:35:06.0821752Z","@mt":"Registered with MainDom, localContentDbExists? {LocalContentDbExists}, localMediaDbExists? {LocalMediaDbExists}","LocalContentDbExists":true,"LocalMediaDbExists":true,"SourceContext":"Umbraco.Cms.Infrastructure.PublishedCache.PublishedSnapshotService","RequestId":"800000f6-0004-ef00-b63f-84710c7967bb","RequestPath":"/","ProcessId":33600,"ProcessName":"iisexpress","ThreadId":6,"ApplicationId":"a5f25ecf51c216cce21b457dce974f224ffe39ad","MachineName":"KARTHIK","Log4NetLevel":"INFO ","HttpRequestId":"b8964c49-2f18-4663-8d87-2996be3c7660","HttpRequestNumber":1,"HttpSessionId":"0"}
{"@t":"2023-05-02T08:35:06.0860176Z","@mt":"Creating the content store, localContentDbExists? {LocalContentDbExists}","LocalContentDbExists":true,"SourceContext":"Umbraco.Cms.Infrastructure.PublishedCache.PublishedSnapshotService","RequestId":"800000f6-0004-ef00-b63f-84710c7967bb","RequestPath":"/","ProcessId":33600,"ProcessName":"iisexpress","ThreadId":6,"ApplicationId":"a5f25ecf51c216cce21b457dce974f224ffe39ad","MachineName":"KARTHIK","Log4NetLevel":"INFO ","HttpRequestId":"b8964c49-2f18-4663-8d87-2996be3c7660","HttpRequestNumber":1,"HttpSessionId":"0"}
{"@t":"2023-05-02T08:35:06.0891517Z","@mt":"Creating the media store, localMediaDbExists? {LocalMediaDbExists}","LocalMediaDbExists":true,"SourceContext":"Umbraco.Cms.Infrastructure.PublishedCache.PublishedSnapshotService","RequestId":"800000f6-0004-ef00-b63f-84710c7967bb","RequestPath":"/","ProcessId":33600,"ProcessName":"iisexpress","ThreadId":6,"ApplicationId":"a5f25ecf51c216cce21b457dce974f224ffe39ad","MachineName":"KARTHIK","Log4NetLevel":"INFO ","HttpRequestId":"b8964c49-2f18-4663-8d87-2996be3c7660","HttpRequestNumber":1,"HttpSessionId":"0"}
{"@t":"2023-05-02T08:35:06.4521554Z","@mt":"{StartMessage} [Timing {TimingId}]","StartMessage":"Loading content from local cache file","TimingId":"9bde8b2","SourceContext":"Umbraco.Cms.Core.Logging.ProfilingLogger","RequestId":"800000f6-0004-ef00-b63f-84710c7967bb","RequestPath":"/","ProcessId":33600,"ProcessName":"iisexpress","ThreadId":6,"ApplicationId":"a5f25ecf51c216cce21b457dce974f224ffe39ad","MachineName":"KARTHIK","Log4NetLevel":"INFO ","HttpRequestId":"b8964c49-2f18-4663-8d87-2996be3c7660","HttpRequestNumber":1,"HttpSessionId":"0"}
{"@t":"2023-05-02T08:35:06.4695930Z","@mt":"Tried to load {entityType} from the local cache file but it was empty.","entityType":"content","SourceContext":"Umbraco.Cms.Infrastructure.PublishedCache.PublishedSnapshotService","RequestId":"800000f6-0004-ef00-b63f-84710c7967bb","RequestPath":"/","ProcessId":33600,"ProcessName":"iisexpress","ThreadId":6,"ApplicationId":"a5f25ecf51c216cce21b457dce974f224ffe39ad","MachineName":"KARTHIK","Log4NetLevel":"INFO ","HttpRequestId":"b8964c49-2f18-4663-8d87-2996be3c7660","HttpRequestNumber":1,"HttpSessionId":"0"}
{"@t":"2023-05-02T08:35:06.4703785Z","@mt":"{EndMessage} ({Duration}ms) [Timing {TimingId}]","EndMessage":"Completed.","Duration":18,"TimingId":"9bde8b2","SourceContext":"Umbraco.Cms.Core.Logging.ProfilingLogger","RequestId":"800000f6-0004-ef00-b63f-84710c7967bb","RequestPath":"/","ProcessId":33600,"ProcessName":"iisexpress","ThreadId":6,"ApplicationId":"a5f25ecf51c216cce21b457dce974f224ffe39ad","MachineName":"KARTHIK","Log4NetLevel":"INFO ","HttpRequestId":"b8964c49-2f18-4663-8d87-2996be3c7660","HttpRequestNumber":1,"HttpSessionId":"0"}
{"@t":"2023-05-02T08:35:06.4720209Z","@mt":"Loading content from local db raised warnings, will reload from database.","@l":"Warning","SourceContext":"Umbraco.Cms.Infrastructure.PublishedCache.PublishedSnapshotService","RequestId":"800000f6-0004-ef00-b63f-84710c7967bb","RequestPath":"/","ProcessId":33600,"ProcessName":"iisexpress","ThreadId":6,"ApplicationId":"a5f25ecf51c216cce21b457dce974f224ffe39ad","MachineName":"KARTHIK","Log4NetLevel":"WARN ","HttpRequestId":"b8964c49-2f18-4663-8d87-2996be3c7660","HttpRequestNumber":1,"HttpSessionId":"0"}
{"@t":"2023-05-02T08:35:06.6265888Z","@mt":"{StartMessage} [Timing {TimingId}]","StartMessage":"Loading media from local cache file","TimingId":"d43d951","SourceContext":"Umbraco.Cms.Core.Logging.ProfilingLogger","RequestId":"800000f6-0004-ef00-b63f-84710c7967bb","RequestPath":"/","ProcessId":33600,"ProcessName":"iisexpress","ThreadId":6,"ApplicationId":"a5f25ecf51c216cce21b457dce974f224ffe39ad","MachineName":"KARTHIK","Log4NetLevel":"INFO ","HttpRequestId":"b8964c49-2f18-4663-8d87-2996be3c7660","HttpRequestNumber":1,"HttpSessionId":"0"}
{"@t":"2023-05-02T08:35:06.6271300Z","@mt":"Tried to load {entityType} from the local cache file but it was empty.","entityType":"media","SourceContext":"Umbraco.Cms.Infrastructure.PublishedCache.PublishedSnapshotService","RequestId":"800000f6-0004-ef00-b63f-84710c7967bb","RequestPath":"/","ProcessId":33600,"ProcessName":"iisexpress","ThreadId":6,"ApplicationId":"a5f25ecf51c216cce21b457dce974f224ffe39ad","MachineName":"KARTHIK","Log4NetLevel":"INFO ","HttpRequestId":"b8964c49-2f18-4663-8d87-2996be3c7660","HttpRequestNumber":1,"HttpSessionId":"0"}
{"@t":"2023-05-02T08:35:06.6272246Z","@mt":"{EndMessage} ({Duration}ms) [Timing {TimingId}]","EndMessage":"Completed.","Duration":0,"TimingId":"d43d951","SourceContext":"Umbraco.Cms.Core.Logging.ProfilingLogger","RequestId":"800000f6-0004-ef00-b63f-84710c7967bb","RequestPath":"/","ProcessId":33600,"ProcessName":"iisexpress","ThreadId":6,"ApplicationId":"a5f25ecf51c216cce21b457dce974f224ffe39ad","MachineName":"KARTHIK","Log4NetLevel":"INFO ","HttpRequestId":"b8964c49-2f18-4663-8d87-2996be3c7660","HttpRequestNumber":1,"HttpSessionId":"0"}
{"@t":"2023-05-02T08:35:06.6275924Z","@mt":"Loading media from local db raised warnings, will reload from database.","@l":"Warning","SourceContext":"Umbraco.Cms.Infrastructure.PublishedCache.PublishedSnapshotService","RequestId":"800000f6-0004-ef00-b63f-84710c7967bb","RequestPath":"/","ProcessId":33600,"ProcessName":"iisexpress","ThreadId":6,"ApplicationId":"a5f25ecf51c216cce21b457dce974f224ffe39ad","MachineName":"KARTHIK","Log4NetLevel":"WARN ","HttpRequestId":"b8964c49-2f18-4663-8d87-2996be3c7660","HttpRequestNumber":1,"HttpSessionId":"0"}
{"@t":"2023-05-02T08:35:06.6289930Z","@mt":"{StartMessage} [Timing {TimingId}]","StartMessage":"Loading content from database","TimingId":"3b3d9a0","SourceContext":"Umbraco.Cms.Core.Logging.ProfilingLogger","RequestId":"800000f6-0004-ef00-b63f-84710c7967bb","RequestPath":"/","ProcessId":33600,"ProcessName":"iisexpress","ThreadId":6,"ApplicationId":"a5f25ecf51c216cce21b457dce974f224ffe39ad","MachineName":"KARTHIK","Log4NetLevel":"INFO ","HttpRequestId":"b8964c49-2f18-4663-8d87-2996be3c7660","HttpRequestNumber":1,"HttpSessionId":"0"}
{"@t":"2023-05-02T08:35:06.8819757Z","@mt":"{EndMessage} ({Duration}ms) [Timing {TimingId}]","EndMessage":"Completed.","Duration":252,"TimingId":"3b3d9a0","SourceContext":"Umbraco.Cms.Core.Logging.ProfilingLogger","RequestId":"800000f6-0004-ef00-b63f-84710c7967bb","RequestPath":"/","ProcessId":33600,"ProcessName":"iisexpress","ThreadId":6,"ApplicationId":"a5f25ecf51c216cce21b457dce974f224ffe39ad","MachineName":"KARTHIK","Log4NetLevel":"INFO ","HttpRequestId":"b8964c49-2f18-4663-8d87-2996be3c7660","HttpRequestNumber":1,"HttpSessionId":"0"}
{"@t":"2023-05-02T08:35:06.8848906Z","@mt":"{StartMessage} [Timing {TimingId}]","StartMessage":"Loading media from database","TimingId":"8eba241","SourceContext":"Umbraco.Cms.Core.Logging.ProfilingLogger","RequestId":"800000f6-0004-ef00-b63f-84710c7967bb","RequestPath":"/","ProcessId":33600,"ProcessName":"iisexpress","ThreadId":6,"ApplicationId":"a5f25ecf51c216cce21b457dce974f224ffe39ad","MachineName":"KARTHIK","Log4NetLevel":"INFO ","HttpRequestId":"b8964c49-2f18-4663-8d87-2996be3c7660","HttpRequestNumber":1,"HttpSessionId":"0"}
{"@t":"2023-05-02T08:35:06.9869813Z","@mt":"{EndMessage} ({Duration}ms) [Timing {TimingId}]","EndMessage":"Completed.","Duration":102,"TimingId":"8eba241","SourceContext":"Umbraco.Cms.Core.Logging.ProfilingLogger","RequestId":"800000f6-0004-ef00-b63f-84710c7967bb","RequestPath":"/","ProcessId":33600,"ProcessName":"iisexpress","ThreadId":6,"ApplicationId":"a5f25ecf51c216cce21b457dce974f224ffe39ad","MachineName":"KARTHIK","Log4NetLevel":"INFO ","HttpRequestId":"b8964c49-2f18-4663-8d87-2996be3c7660","HttpRequestNumber":1,"HttpSessionId":"0"}
