{"@t":"2023-05-08T04:15:08.2736515Z","@mt":"Increasing the MaxRequestBodySize conflicts with the max value for IIS limit maxAllowedContentLength. HTTP requests that have a content length greater than maxAllowedContentLength will still be rejected by IIS. You can disable the limit by either removing or setting the maxAllowedContentLength value to a higher limit.","@l":"Warning","SourceContext":"Microsoft.AspNetCore.Server.IIS.Core.IISHttpServer","ProcessId":3256,"ProcessName":"iisexpress","ThreadId":1,"AppDomainId":1,"AppDomainAppId":"307689e8bfdcf0252f5c2e6e3dba14ce3cd825c7","MachineName":"SBJHBN7VNDN53","Log4NetLevel":"WARN "}
{"@t":"2023-05-08T04:15:08.3004967Z","@mt":"Acquiring.","SourceContext":"Umbraco.Cms.Core.Runtime.MainDom","ProcessId":3256,"ProcessName":"iisexpress","ThreadId":1,"AppDomainId":1,"AppDomainAppId":"307689e8bfdcf0252f5c2e6e3dba14ce3cd825c7","MachineName":"SBJHBN7VNDN53","Log4NetLevel":"INFO "}
{"@t":"2023-05-08T04:15:08.3063213Z","@mt":"Acquired.","SourceContext":"Umbraco.Cms.Core.Runtime.MainDom","ProcessId":3256,"ProcessName":"iisexpress","ThreadId":1,"AppDomainId":1,"AppDomainAppId":"307689e8bfdcf0252f5c2e6e3dba14ce3cd825c7","MachineName":"SBJHBN7VNDN53","Log4NetLevel":"INFO "}
{"@t":"2023-05-08T04:15:20.3111837Z","@mt":"Application started. Press Ctrl+C to shut down.","SourceContext":"Microsoft.Hosting.Lifetime","ProcessId":3256,"ProcessName":"iisexpress","ThreadId":1,"AppDomainId":1,"AppDomainAppId":"307689e8bfdcf0252f5c2e6e3dba14ce3cd825c7","MachineName":"SBJHBN7VNDN53","Log4NetLevel":"INFO "}
{"@t":"2023-05-08T04:15:20.3114340Z","@mt":"Hosting environment: {EnvName}","EnvName":"Development","SourceContext":"Microsoft.Hosting.Lifetime","ProcessId":3256,"ProcessName":"iisexpress","ThreadId":1,"AppDomainId":1,"AppDomainAppId":"307689e8bfdcf0252f5c2e6e3dba14ce3cd825c7","MachineName":"SBJHBN7VNDN53","Log4NetLevel":"INFO "}
{"@t":"2023-05-08T04:15:20.3120165Z","@mt":"Content root path: {ContentRoot}","ContentRoot":"C:\\Users\\karthik.muni\\Desktop\\ICIB\\Source\\ICIB\\ICIB.Umbraco","SourceContext":"Microsoft.Hosting.Lifetime","ProcessId":3256,"ProcessName":"iisexpress","ThreadId":1,"AppDomainId":1,"AppDomainAppId":"307689e8bfdcf0252f5c2e6e3dba14ce3cd825c7","MachineName":"SBJHBN7VNDN53","Log4NetLevel":"INFO "}
{"@t":"2023-05-08T04:15:20.8060780Z","@mt":"Registered with MainDom, localContentDbExists? {LocalContentDbExists}, localMediaDbExists? {LocalMediaDbExists}","LocalContentDbExists":true,"LocalMediaDbExists":true,"SourceContext":"Umbraco.Cms.Infrastructure.PublishedCache.PublishedSnapshotService","RequestId":"80000002-0005-ff00-b63f-84710c7967bb","RequestPath":"/","ProcessId":3256,"ProcessName":"iisexpress","ThreadId":4,"AppDomainId":1,"AppDomainAppId":"307689e8bfdcf0252f5c2e6e3dba14ce3cd825c7","MachineName":"SBJHBN7VNDN53","Log4NetLevel":"INFO ","HttpRequestId":"d75c6f3e-75e5-4039-b186-bf3215c95fb5","HttpRequestNumber":1,"HttpSessionId":"0"}
{"@t":"2023-05-08T04:15:20.8098711Z","@mt":"Creating the content store, localContentDbExists? {LocalContentDbExists}","LocalContentDbExists":true,"SourceContext":"Umbraco.Cms.Infrastructure.PublishedCache.PublishedSnapshotService","RequestId":"80000002-0005-ff00-b63f-84710c7967bb","RequestPath":"/","ProcessId":3256,"ProcessName":"iisexpress","ThreadId":4,"AppDomainId":1,"AppDomainAppId":"307689e8bfdcf0252f5c2e6e3dba14ce3cd825c7","MachineName":"SBJHBN7VNDN53","Log4NetLevel":"INFO ","HttpRequestId":"d75c6f3e-75e5-4039-b186-bf3215c95fb5","HttpRequestNumber":1,"HttpSessionId":"0"}
{"@t":"2023-05-08T04:15:20.8123460Z","@mt":"Creating the media store, localMediaDbExists? {LocalMediaDbExists}","LocalMediaDbExists":true,"SourceContext":"Umbraco.Cms.Infrastructure.PublishedCache.PublishedSnapshotService","RequestId":"80000002-0005-ff00-b63f-84710c7967bb","RequestPath":"/","ProcessId":3256,"ProcessName":"iisexpress","ThreadId":4,"AppDomainId":1,"AppDomainAppId":"307689e8bfdcf0252f5c2e6e3dba14ce3cd825c7","MachineName":"SBJHBN7VNDN53","Log4NetLevel":"INFO ","HttpRequestId":"d75c6f3e-75e5-4039-b186-bf3215c95fb5","HttpRequestNumber":1,"HttpSessionId":"0"}
{"@t":"2023-05-08T04:15:21.5615011Z","@mt":"{StartMessage} [Timing {TimingId}]","StartMessage":"Loading content from local cache file","TimingId":"72744f0","SourceContext":"Umbraco.Cms.Core.Logging.ProfilingLogger","RequestId":"80000002-0005-ff00-b63f-84710c7967bb","RequestPath":"/","ProcessId":3256,"ProcessName":"iisexpress","ThreadId":4,"AppDomainId":1,"AppDomainAppId":"307689e8bfdcf0252f5c2e6e3dba14ce3cd825c7","MachineName":"SBJHBN7VNDN53","Log4NetLevel":"INFO ","HttpRequestId":"d75c6f3e-75e5-4039-b186-bf3215c95fb5","HttpRequestNumber":1,"HttpSessionId":"0"}
{"@t":"2023-05-08T04:15:21.6006868Z","@mt":"{EndMessage} ({Duration}ms) [Timing {TimingId}]","EndMessage":"Completed.","Duration":39,"TimingId":"72744f0","SourceContext":"Umbraco.Cms.Core.Logging.ProfilingLogger","RequestId":"80000002-0005-ff00-b63f-84710c7967bb","RequestPath":"/","ProcessId":3256,"ProcessName":"iisexpress","ThreadId":4,"AppDomainId":1,"AppDomainAppId":"307689e8bfdcf0252f5c2e6e3dba14ce3cd825c7","MachineName":"SBJHBN7VNDN53","Log4NetLevel":"INFO ","HttpRequestId":"d75c6f3e-75e5-4039-b186-bf3215c95fb5","HttpRequestNumber":1,"HttpSessionId":"0"}
{"@t":"2023-05-08T04:15:21.6083120Z","@mt":"{StartMessage} [Timing {TimingId}]","StartMessage":"Loading media from local cache file","TimingId":"8310c82","SourceContext":"Umbraco.Cms.Core.Logging.ProfilingLogger","RequestId":"80000002-0005-ff00-b63f-84710c7967bb","RequestPath":"/","ProcessId":3256,"ProcessName":"iisexpress","ThreadId":4,"AppDomainId":1,"AppDomainAppId":"307689e8bfdcf0252f5c2e6e3dba14ce3cd825c7","MachineName":"SBJHBN7VNDN53","Log4NetLevel":"INFO ","HttpRequestId":"d75c6f3e-75e5-4039-b186-bf3215c95fb5","HttpRequestNumber":1,"HttpSessionId":"0"}
{"@t":"2023-05-08T04:15:21.6093958Z","@mt":"Tried to load {entityType} from the local cache file but it was empty.","entityType":"media","SourceContext":"Umbraco.Cms.Infrastructure.PublishedCache.PublishedSnapshotService","RequestId":"80000002-0005-ff00-b63f-84710c7967bb","RequestPath":"/","ProcessId":3256,"ProcessName":"iisexpress","ThreadId":4,"AppDomainId":1,"AppDomainAppId":"307689e8bfdcf0252f5c2e6e3dba14ce3cd825c7","MachineName":"SBJHBN7VNDN53","Log4NetLevel":"INFO ","HttpRequestId":"d75c6f3e-75e5-4039-b186-bf3215c95fb5","HttpRequestNumber":1,"HttpSessionId":"0"}
{"@t":"2023-05-08T04:15:21.6095977Z","@mt":"{EndMessage} ({Duration}ms) [Timing {TimingId}]","EndMessage":"Completed.","Duration":1,"TimingId":"8310c82","SourceContext":"Umbraco.Cms.Core.Logging.ProfilingLogger","RequestId":"80000002-0005-ff00-b63f-84710c7967bb","RequestPath":"/","ProcessId":3256,"ProcessName":"iisexpress","ThreadId":4,"AppDomainId":1,"AppDomainAppId":"307689e8bfdcf0252f5c2e6e3dba14ce3cd825c7","MachineName":"SBJHBN7VNDN53","Log4NetLevel":"INFO ","HttpRequestId":"d75c6f3e-75e5-4039-b186-bf3215c95fb5","HttpRequestNumber":1,"HttpSessionId":"0"}
{"@t":"2023-05-08T04:15:21.6097740Z","@mt":"Loading media from local db raised warnings, will reload from database.","@l":"Warning","SourceContext":"Umbraco.Cms.Infrastructure.PublishedCache.PublishedSnapshotService","RequestId":"80000002-0005-ff00-b63f-84710c7967bb","RequestPath":"/","ProcessId":3256,"ProcessName":"iisexpress","ThreadId":4,"AppDomainId":1,"AppDomainAppId":"307689e8bfdcf0252f5c2e6e3dba14ce3cd825c7","MachineName":"SBJHBN7VNDN53","Log4NetLevel":"WARN ","HttpRequestId":"d75c6f3e-75e5-4039-b186-bf3215c95fb5","HttpRequestNumber":1,"HttpSessionId":"0"}
{"@t":"2023-05-08T04:15:21.6134787Z","@mt":"{StartMessage} [Timing {TimingId}]","StartMessage":"Loading media from database","TimingId":"ef5df59","SourceContext":"Umbraco.Cms.Core.Logging.ProfilingLogger","RequestId":"80000002-0005-ff00-b63f-84710c7967bb","RequestPath":"/","ProcessId":3256,"ProcessName":"iisexpress","ThreadId":4,"AppDomainId":1,"AppDomainAppId":"307689e8bfdcf0252f5c2e6e3dba14ce3cd825c7","MachineName":"SBJHBN7VNDN53","Log4NetLevel":"INFO ","HttpRequestId":"d75c6f3e-75e5-4039-b186-bf3215c95fb5","HttpRequestNumber":1,"HttpSessionId":"0"}
{"@t":"2023-05-08T04:15:21.7510842Z","@mt":"{EndMessage} ({Duration}ms) [Timing {TimingId}]","EndMessage":"Completed.","Duration":137,"TimingId":"ef5df59","SourceContext":"Umbraco.Cms.Core.Logging.ProfilingLogger","RequestId":"80000002-0005-ff00-b63f-84710c7967bb","RequestPath":"/","ProcessId":3256,"ProcessName":"iisexpress","ThreadId":4,"AppDomainId":1,"AppDomainAppId":"307689e8bfdcf0252f5c2e6e3dba14ce3cd825c7","MachineName":"SBJHBN7VNDN53","Log4NetLevel":"INFO ","HttpRequestId":"d75c6f3e-75e5-4039-b186-bf3215c95fb5","HttpRequestNumber":1,"HttpSessionId":"0"}
{"@t":"2023-05-08T04:15:28.3840735Z","@mt":"Unable to configure browser refresh script injection on the response. Consider manually adding '<script src=\"/_framework/aspnetcore-browser-refresh.js\"></script>' to the body of the page.","@l":"Warning","EventId":{"Id":3,"Name":"FailedToConfiguredForRefreshes"},"SourceContext":"Microsoft.AspNetCore.Watch.BrowserRefresh.BrowserRefreshMiddleware","RequestId":"80000002-0005-ff00-b63f-84710c7967bb","RequestPath":"/","ProcessId":3256,"ProcessName":"iisexpress","ThreadId":8,"AppDomainId":1,"AppDomainAppId":"307689e8bfdcf0252f5c2e6e3dba14ce3cd825c7","MachineName":"SBJHBN7VNDN53","Log4NetLevel":"WARN "}
{"@t":"2023-05-08T04:15:42.6743794Z","@mt":"Unable to configure browser refresh script injection on the response. Consider manually adding '<script src=\"/_framework/aspnetcore-browser-refresh.js\"></script>' to the body of the page.","@l":"Warning","EventId":{"Id":3,"Name":"FailedToConfiguredForRefreshes"},"SourceContext":"Microsoft.AspNetCore.Watch.BrowserRefresh.BrowserRefreshMiddleware","RequestId":"80000004-0006-ff00-b63f-84710c7967bb","RequestPath":"/","ProcessId":3256,"ProcessName":"iisexpress","ThreadId":14,"AppDomainId":1,"AppDomainAppId":"307689e8bfdcf0252f5c2e6e3dba14ce3cd825c7","MachineName":"SBJHBN7VNDN53","Log4NetLevel":"WARN "}
{"@t":"2023-05-08T04:15:54.8185844Z","@mt":"Unable to configure browser refresh script injection on the response. Consider manually adding '<script src=\"/_framework/aspnetcore-browser-refresh.js\"></script>' to the body of the page.","@l":"Warning","EventId":{"Id":3,"Name":"FailedToConfiguredForRefreshes"},"SourceContext":"Microsoft.AspNetCore.Watch.BrowserRefresh.BrowserRefreshMiddleware","RequestId":"80000004-0005-ff00-b63f-84710c7967bb","RequestPath":"/registerlogin","ProcessId":3256,"ProcessName":"iisexpress","ThreadId":8,"AppDomainId":1,"AppDomainAppId":"307689e8bfdcf0252f5c2e6e3dba14ce3cd825c7","MachineName":"SBJHBN7VNDN53","Log4NetLevel":"WARN "}
{"@t":"2023-05-08T04:16:08.3844962Z","@mt":"{StartMessage} [Timing {TimingId}]","StartMessage":"Executing Umbraco RouteDefinition controller","TimingId":"1ab1238","SourceContext":"Umbraco.Cms.Core.Logging.ProfilingLogger","ActionId":"a9bb776d-c32a-458a-a635-c68b692643fc","ActionName":"ICIB.Umbraco.Controllers.MemberAuthenticationSurfaceController.Login (ICIB.Umbraco)","RequestId":"80000004-0001-ff00-b63f-84710c7967bb","RequestPath":"/registerlogin","ProcessId":3256,"ProcessName":"iisexpress","ThreadId":16,"AppDomainId":1,"AppDomainAppId":"307689e8bfdcf0252f5c2e6e3dba14ce3cd825c7","MachineName":"SBJHBN7VNDN53","Log4NetLevel":"INFO ","HttpRequestId":"7d509ebf-7722-45ff-8cab-e3df68870ce6","HttpRequestNumber":2,"HttpSessionId":"f3e2dc39-213d-2cf5-26b5-96621a212acc"}
{"@t":"2023-05-08T04:16:08.4277259Z","@mt":"{EndMessage} ({Duration}ms) [Timing {TimingId}]","EndMessage":"Finished","Duration":43,"TimingId":"1ab1238","SourceContext":"Umbraco.Cms.Core.Logging.ProfilingLogger","ActionId":"814a87cd-85f3-4116-95d7-58556bae330d","ActionName":"Umbraco.Cms.Web.Common.Controllers.RenderController.Index (Umbraco.Web.Common)","RequestId":"80000004-0001-ff00-b63f-84710c7967bb","RequestPath":"/registerlogin","ProcessId":3256,"ProcessName":"iisexpress","ThreadId":17,"AppDomainId":1,"AppDomainAppId":"307689e8bfdcf0252f5c2e6e3dba14ce3cd825c7","MachineName":"SBJHBN7VNDN53","Log4NetLevel":"INFO ","HttpRequestId":"7d509ebf-7722-45ff-8cab-e3df68870ce6","HttpRequestNumber":2,"HttpSessionId":"f3e2dc39-213d-2cf5-26b5-96621a212acc"}
{"@t":"2023-05-08T04:16:08.4321649Z","@mt":"Unable to configure browser refresh script injection on the response. Consider manually adding '<script src=\"/_framework/aspnetcore-browser-refresh.js\"></script>' to the body of the page.","@l":"Warning","EventId":{"Id":3,"Name":"FailedToConfiguredForRefreshes"},"SourceContext":"Microsoft.AspNetCore.Watch.BrowserRefresh.BrowserRefreshMiddleware","RequestId":"80000004-0001-ff00-b63f-84710c7967bb","RequestPath":"/registerlogin","ProcessId":3256,"ProcessName":"iisexpress","ThreadId":17,"AppDomainId":1,"AppDomainAppId":"307689e8bfdcf0252f5c2e6e3dba14ce3cd825c7","MachineName":"SBJHBN7VNDN53","Log4NetLevel":"WARN "}
{"@t":"2023-05-08T04:16:15.7837626Z","@mt":"{StartMessage} [Timing {TimingId}]","StartMessage":"Executing Umbraco RouteDefinition controller","TimingId":"489a328","SourceContext":"Umbraco.Cms.Core.Logging.ProfilingLogger","ActionId":"a9bb776d-c32a-458a-a635-c68b692643fc","ActionName":"ICIB.Umbraco.Controllers.MemberAuthenticationSurfaceController.Login (ICIB.Umbraco)","RequestId":"80000004-0003-fc00-b63f-84710c7967bb","RequestPath":"/registerlogin","ProcessId":3256,"ProcessName":"iisexpress","ThreadId":9,"AppDomainId":1,"AppDomainAppId":"307689e8bfdcf0252f5c2e6e3dba14ce3cd825c7","MachineName":"SBJHBN7VNDN53","Log4NetLevel":"INFO ","HttpRequestId":"478e26a9-37ea-4eee-9fd2-0d4a40869bbb","HttpRequestNumber":3,"HttpSessionId":"babef8b0-b740-3928-96fa-5f437b8cb07b"}
{"@t":"2023-05-08T04:16:15.7964111Z","@mt":"{EndMessage} ({Duration}ms) [Timing {TimingId}]","EndMessage":"Finished","Duration":12,"TimingId":"489a328","SourceContext":"Umbraco.Cms.Core.Logging.ProfilingLogger","ActionId":"814a87cd-85f3-4116-95d7-58556bae330d","ActionName":"Umbraco.Cms.Web.Common.Controllers.RenderController.Index (Umbraco.Web.Common)","RequestId":"80000004-0003-fc00-b63f-84710c7967bb","RequestPath":"/registerlogin","ProcessId":3256,"ProcessName":"iisexpress","ThreadId":14,"AppDomainId":1,"AppDomainAppId":"307689e8bfdcf0252f5c2e6e3dba14ce3cd825c7","MachineName":"SBJHBN7VNDN53","Log4NetLevel":"INFO ","HttpRequestId":"478e26a9-37ea-4eee-9fd2-0d4a40869bbb","HttpRequestNumber":3,"HttpSessionId":"babef8b0-b740-3928-96fa-5f437b8cb07b"}
{"@t":"2023-05-08T04:16:15.8003641Z","@mt":"Unable to configure browser refresh script injection on the response. Consider manually adding '<script src=\"/_framework/aspnetcore-browser-refresh.js\"></script>' to the body of the page.","@l":"Warning","EventId":{"Id":3,"Name":"FailedToConfiguredForRefreshes"},"SourceContext":"Microsoft.AspNetCore.Watch.BrowserRefresh.BrowserRefreshMiddleware","RequestId":"80000004-0003-fc00-b63f-84710c7967bb","RequestPath":"/registerlogin","ProcessId":3256,"ProcessName":"iisexpress","ThreadId":4,"AppDomainId":1,"AppDomainAppId":"307689e8bfdcf0252f5c2e6e3dba14ce3cd825c7","MachineName":"SBJHBN7VNDN53","Log4NetLevel":"WARN "}
{"@t":"2023-05-08T04:16:24.7424618Z","@mt":"{StartMessage} [Timing {TimingId}]","StartMessage":"Executing Umbraco RouteDefinition controller","TimingId":"98d812c","SourceContext":"Umbraco.Cms.Core.Logging.ProfilingLogger","ActionId":"a9bb776d-c32a-458a-a635-c68b692643fc","ActionName":"ICIB.Umbraco.Controllers.MemberAuthenticationSurfaceController.Login (ICIB.Umbraco)","RequestId":"80000002-0002-ff00-b63f-84710c7967bb","RequestPath":"/registerlogin","ProcessId":3256,"ProcessName":"iisexpress","ThreadId":4,"AppDomainId":1,"AppDomainAppId":"307689e8bfdcf0252f5c2e6e3dba14ce3cd825c7","MachineName":"SBJHBN7VNDN53","Log4NetLevel":"INFO ","HttpRequestId":"6aef1701-8a0e-4c19-9420-f7ac86dc4d02","HttpRequestNumber":4,"HttpSessionId":"ebe1df20-dfcc-f218-8910-426a1e54f58d"}
{"@t":"2023-05-08T04:16:24.7537225Z","@mt":"{EndMessage} ({Duration}ms) [Timing {TimingId}]","EndMessage":"Finished","Duration":11,"TimingId":"98d812c","SourceContext":"Umbraco.Cms.Core.Logging.ProfilingLogger","ActionId":"814a87cd-85f3-4116-95d7-58556bae330d","ActionName":"Umbraco.Cms.Web.Common.Controllers.RenderController.Index (Umbraco.Web.Common)","RequestId":"80000002-0002-ff00-b63f-84710c7967bb","RequestPath":"/registerlogin","ProcessId":3256,"ProcessName":"iisexpress","ThreadId":8,"AppDomainId":1,"AppDomainAppId":"307689e8bfdcf0252f5c2e6e3dba14ce3cd825c7","MachineName":"SBJHBN7VNDN53","Log4NetLevel":"INFO ","HttpRequestId":"6aef1701-8a0e-4c19-9420-f7ac86dc4d02","HttpRequestNumber":4,"HttpSessionId":"ebe1df20-dfcc-f218-8910-426a1e54f58d"}
{"@t":"2023-05-08T04:16:24.7562741Z","@mt":"Unable to configure browser refresh script injection on the response. Consider manually adding '<script src=\"/_framework/aspnetcore-browser-refresh.js\"></script>' to the body of the page.","@l":"Warning","EventId":{"Id":3,"Name":"FailedToConfiguredForRefreshes"},"SourceContext":"Microsoft.AspNetCore.Watch.BrowserRefresh.BrowserRefreshMiddleware","RequestId":"80000002-0002-ff00-b63f-84710c7967bb","RequestPath":"/registerlogin","ProcessId":3256,"ProcessName":"iisexpress","ThreadId":14,"AppDomainId":1,"AppDomainAppId":"307689e8bfdcf0252f5c2e6e3dba14ce3cd825c7","MachineName":"SBJHBN7VNDN53","Log4NetLevel":"WARN "}
{"@t":"2023-05-08T04:16:43.0374244Z","@mt":"Unable to configure browser refresh script injection on the response. Consider manually adding '<script src=\"/_framework/aspnetcore-browser-refresh.js\"></script>' to the body of the page.","@l":"Warning","EventId":{"Id":3,"Name":"FailedToConfiguredForRefreshes"},"SourceContext":"Microsoft.AspNetCore.Watch.BrowserRefresh.BrowserRefreshMiddleware","RequestId":"80000004-0000-ff00-b63f-84710c7967bb","RequestPath":"/","ProcessId":3256,"ProcessName":"iisexpress","ThreadId":8,"AppDomainId":1,"AppDomainAppId":"307689e8bfdcf0252f5c2e6e3dba14ce3cd825c7","MachineName":"SBJHBN7VNDN53","Log4NetLevel":"WARN "}
{"@t":"2023-05-08T04:16:52.2556909Z","@mt":"Unable to configure browser refresh script injection on the response. Consider manually adding '<script src=\"/_framework/aspnetcore-browser-refresh.js\"></script>' to the body of the page.","@l":"Warning","EventId":{"Id":3,"Name":"FailedToConfiguredForRefreshes"},"SourceContext":"Microsoft.AspNetCore.Watch.BrowserRefresh.BrowserRefreshMiddleware","RequestId":"80000006-0000-ff00-b63f-84710c7967bb","RequestPath":"/lre","ProcessId":3256,"ProcessName":"iisexpress","ThreadId":4,"AppDomainId":1,"AppDomainAppId":"307689e8bfdcf0252f5c2e6e3dba14ce3cd825c7","MachineName":"SBJHBN7VNDN53","Log4NetLevel":"WARN "}
{"@t":"2023-05-08T04:18:52.4015467Z","@mt":"Unable to configure browser refresh script injection on the response. Consider manually adding '<script src=\"/_framework/aspnetcore-browser-refresh.js\"></script>' to the body of the page.","@l":"Warning","EventId":{"Id":3,"Name":"FailedToConfiguredForRefreshes"},"SourceContext":"Microsoft.AspNetCore.Watch.BrowserRefresh.BrowserRefreshMiddleware","RequestId":"80000002-0003-fb00-b63f-84710c7967bb","RequestPath":"/lre","ProcessId":3256,"ProcessName":"iisexpress","ThreadId":27,"AppDomainId":1,"AppDomainAppId":"307689e8bfdcf0252f5c2e6e3dba14ce3cd825c7","MachineName":"SBJHBN7VNDN53","Log4NetLevel":"WARN "}
{"@t":"2023-05-08T04:19:31.1961489Z","@mt":"Unable to configure browser refresh script injection on the response. Consider manually adding '<script src=\"/_framework/aspnetcore-browser-refresh.js\"></script>' to the body of the page.","@l":"Warning","EventId":{"Id":3,"Name":"FailedToConfiguredForRefreshes"},"SourceContext":"Microsoft.AspNetCore.Watch.BrowserRefresh.BrowserRefreshMiddleware","RequestId":"8000000a-0000-ff00-b63f-84710c7967bb","RequestPath":"/lre","ProcessId":3256,"ProcessName":"iisexpress","ThreadId":4,"AppDomainId":1,"AppDomainAppId":"307689e8bfdcf0252f5c2e6e3dba14ce3cd825c7","MachineName":"SBJHBN7VNDN53","Log4NetLevel":"WARN "}
{"@t":"2023-05-08T04:20:13.3997082Z","@mt":"Unable to configure browser refresh script injection on the response. Consider manually adding '<script src=\"/_framework/aspnetcore-browser-refresh.js\"></script>' to the body of the page.","@l":"Warning","EventId":{"Id":3,"Name":"FailedToConfiguredForRefreshes"},"SourceContext":"Microsoft.AspNetCore.Watch.BrowserRefresh.BrowserRefreshMiddleware","RequestId":"8000000a-0005-ff00-b63f-84710c7967bb","RequestPath":"/lre","ProcessId":3256,"ProcessName":"iisexpress","ThreadId":4,"AppDomainId":1,"AppDomainAppId":"307689e8bfdcf0252f5c2e6e3dba14ce3cd825c7","MachineName":"SBJHBN7VNDN53","Log4NetLevel":"WARN "}
{"@t":"2023-05-08T04:22:35.0403491Z","@mt":"Unable to configure browser refresh script injection on the response. Consider manually adding '<script src=\"/_framework/aspnetcore-browser-refresh.js\"></script>' to the body of the page.","@l":"Warning","EventId":{"Id":3,"Name":"FailedToConfiguredForRefreshes"},"SourceContext":"Microsoft.AspNetCore.Watch.BrowserRefresh.BrowserRefreshMiddleware","RequestId":"80000002-0004-f800-b63f-84710c7967bb","RequestPath":"/lre","ProcessId":3256,"ProcessName":"iisexpress","ThreadId":6,"AppDomainId":1,"AppDomainAppId":"307689e8bfdcf0252f5c2e6e3dba14ce3cd825c7","MachineName":"SBJHBN7VNDN53","Log4NetLevel":"WARN "}
{"@t":"2023-05-08T04:23:03.4886161Z","@mt":"Unable to configure browser refresh script injection on the response. Consider manually adding '<script src=\"/_framework/aspnetcore-browser-refresh.js\"></script>' to the body of the page.","@l":"Warning","EventId":{"Id":3,"Name":"FailedToConfiguredForRefreshes"},"SourceContext":"Microsoft.AspNetCore.Watch.BrowserRefresh.BrowserRefreshMiddleware","RequestId":"80000004-0004-f800-b63f-84710c7967bb","RequestPath":"/lre","ProcessId":3256,"ProcessName":"iisexpress","ThreadId":27,"AppDomainId":1,"AppDomainAppId":"307689e8bfdcf0252f5c2e6e3dba14ce3cd825c7","MachineName":"SBJHBN7VNDN53","Log4NetLevel":"WARN "}
{"@t":"2023-05-08T04:23:05.6020333Z","@mt":"Unable to configure browser refresh script injection on the response. Consider manually adding '<script src=\"/_framework/aspnetcore-browser-refresh.js\"></script>' to the body of the page.","@l":"Warning","EventId":{"Id":3,"Name":"FailedToConfiguredForRefreshes"},"SourceContext":"Microsoft.AspNetCore.Watch.BrowserRefresh.BrowserRefreshMiddleware","RequestId":"8000000e-0005-ff00-b63f-84710c7967bb","RequestPath":"/lre","ProcessId":3256,"ProcessName":"iisexpress","ThreadId":37,"AppDomainId":1,"AppDomainAppId":"307689e8bfdcf0252f5c2e6e3dba14ce3cd825c7","MachineName":"SBJHBN7VNDN53","Log4NetLevel":"WARN "}
{"@t":"2023-05-08T04:28:40.4580292Z","@mt":"Keep alive failed (at '{keepAlivePingUrl}').","@l":"Error","@x":"System.Net.Http.HttpRequestException: A connection attempt failed because the connected party did not properly respond after a period of time, or established connection failed because connected host has failed to respond. (localhost:44321)\r\n ---> System.Net.Sockets.SocketException (10060): A connection attempt failed because the connected party did not properly respond after a period of time, or established connection failed because connected host has failed to respond.\r\n   at System.Net.Sockets.Socket.AwaitableSocketAsyncEventArgs.ThrowException(SocketError error, CancellationToken cancellationToken)\r\n   at System.Net.Sockets.Socket.AwaitableSocketAsyncEventArgs.System.Threading.Tasks.Sources.IValueTaskSource.GetResult(Int16 token)\r\n   at System.Net.Sockets.Socket.<ConnectAsync>g__WaitForConnectWithCancellation|281_0(AwaitableSocketAsyncEventArgs saea, ValueTask connectTask, CancellationToken cancellationToken)\r\n   at System.Net.Http.HttpConnectionPool.ConnectToTcpHostAsync(String host, Int32 port, HttpRequestMessage initialRequest, Boolean async, CancellationToken cancellationToken)\r\n   --- End of inner exception stack trace ---\r\n   at System.Net.Http.HttpConnectionPool.ConnectToTcpHostAsync(String host, Int32 port, HttpRequestMessage initialRequest, Boolean async, CancellationToken cancellationToken)\r\n   at System.Net.Http.HttpConnectionPool.ConnectAsync(HttpRequestMessage request, Boolean async, CancellationToken cancellationToken)\r\n   at System.Net.Http.HttpConnectionPool.CreateHttp11ConnectionAsync(HttpRequestMessage request, Boolean async, CancellationToken cancellationToken)\r\n   at System.Net.Http.HttpConnectionPool.AddHttp11ConnectionAsync(QueueItem queueItem)\r\n   at System.Threading.Tasks.TaskCompletionSourceWithCancellation`1.WaitWithCancellationAsync(CancellationToken cancellationToken)\r\n   at System.Net.Http.HttpConnectionPool.HttpConnectionWaiter`1.WaitForConnectionAsync(Boolean async, CancellationToken requestCancellationToken)\r\n   at System.Net.Http.HttpConnectionPool.SendWithVersionDetectionAndRetryAsync(HttpRequestMessage request, Boolean async, Boolean doRequestAuth, CancellationToken cancellationToken)\r\n   at System.Net.Http.RedirectHandler.SendAsync(HttpRequestMessage request, Boolean async, CancellationToken cancellationToken)\r\n   at Microsoft.Extensions.Http.Logging.LoggingHttpMessageHandler.<SendAsync>g__Core|5_0(HttpRequestMessage request, CancellationToken cancellationToken)\r\n   at Microsoft.Extensions.Http.Logging.LoggingScopeHttpMessageHandler.<SendAsync>g__Core|5_0(HttpRequestMessage request, CancellationToken cancellationToken)\r\n   at System.Net.Http.HttpClient.<SendAsync>g__Core|83_0(HttpRequestMessage request, HttpCompletionOption completionOption, CancellationTokenSource cts, Boolean disposeCts, CancellationTokenSource pendingRequestsCts, CancellationToken originalCancellationToken)\r\n   at Umbraco.Cms.Infrastructure.HostedServices.KeepAlive.PerformExecuteAsync(Object state)","keepAlivePingUrl":"https://localhost:44321/api/keepalive/ping","SourceContext":"Umbraco.Cms.Infrastructure.HostedServices.KeepAlive","ProcessId":3256,"ProcessName":"iisexpress","ThreadId":4,"AppDomainId":1,"AppDomainAppId":"307689e8bfdcf0252f5c2e6e3dba14ce3cd825c7","MachineName":"SBJHBN7VNDN53","Log4NetLevel":"ERROR"}
{"@t":"2023-05-08T04:32:35.8475004Z","@mt":"Unable to configure browser refresh script injection on the response. Consider manually adding '<script src=\"/_framework/aspnetcore-browser-refresh.js\"></script>' to the body of the page.","@l":"Warning","EventId":{"Id":3,"Name":"FailedToConfiguredForRefreshes"},"SourceContext":"Microsoft.AspNetCore.Watch.BrowserRefresh.BrowserRefreshMiddleware","RequestId":"80000003-0004-f900-b63f-84710c7967bb","RequestPath":"/lre","ProcessId":3256,"ProcessName":"iisexpress","ThreadId":54,"AppDomainId":1,"AppDomainAppId":"307689e8bfdcf0252f5c2e6e3dba14ce3cd825c7","MachineName":"SBJHBN7VNDN53","Log4NetLevel":"WARN "}
{"@t":"2023-05-08T04:33:53.4755931Z","@mt":"Unable to configure browser refresh script injection on the response. Consider manually adding '<script src=\"/_framework/aspnetcore-browser-refresh.js\"></script>' to the body of the page.","@l":"Warning","EventId":{"Id":3,"Name":"FailedToConfiguredForRefreshes"},"SourceContext":"Microsoft.AspNetCore.Watch.BrowserRefresh.BrowserRefreshMiddleware","RequestId":"80000005-0003-ff00-b63f-84710c7967bb","RequestPath":"/lre","ProcessId":3256,"ProcessName":"iisexpress","ThreadId":58,"AppDomainId":1,"AppDomainAppId":"307689e8bfdcf0252f5c2e6e3dba14ce3cd825c7","MachineName":"SBJHBN7VNDN53","Log4NetLevel":"WARN "}
{"@t":"2023-05-08T04:34:03.8767032Z","@mt":"Unable to configure browser refresh script injection on the response. Consider manually adding '<script src=\"/_framework/aspnetcore-browser-refresh.js\"></script>' to the body of the page.","@l":"Warning","EventId":{"Id":3,"Name":"FailedToConfiguredForRefreshes"},"SourceContext":"Microsoft.AspNetCore.Watch.BrowserRefresh.BrowserRefreshMiddleware","RequestId":"80000007-0003-ff00-b63f-84710c7967bb","RequestPath":"/lre/","ProcessId":3256,"ProcessName":"iisexpress","ThreadId":60,"AppDomainId":1,"AppDomainAppId":"307689e8bfdcf0252f5c2e6e3dba14ce3cd825c7","MachineName":"SBJHBN7VNDN53","Log4NetLevel":"WARN "}
{"@t":"2023-05-08T04:35:27.5824335Z","@mt":"{StartMessage} [Timing {TimingId}]","StartMessage":"Executing Umbraco RouteDefinition controller","TimingId":"5d7c63a","SourceContext":"Umbraco.Cms.Core.Logging.ProfilingLogger","ActionId":"a9bb776d-c32a-458a-a635-c68b692643fc","ActionName":"ICIB.Umbraco.Controllers.MemberAuthenticationSurfaceController.Login (ICIB.Umbraco)","RequestId":"8000000c-0001-ff00-b63f-84710c7967bb","RequestPath":"/lre/","ProcessId":3256,"ProcessName":"iisexpress","ThreadId":52,"AppDomainId":1,"AppDomainAppId":"307689e8bfdcf0252f5c2e6e3dba14ce3cd825c7","MachineName":"SBJHBN7VNDN53","Log4NetLevel":"INFO ","HttpRequestId":"6f843751-07c1-4027-9e0a-57def48d11cf","HttpRequestNumber":5,"HttpSessionId":"fae83958-34ea-ef49-d682-31cf93d776dd"}
{"@t":"2023-05-08T04:35:27.5914257Z","@mt":"{EndMessage} ({Duration}ms) [Timing {TimingId}]","EndMessage":"Finished","Duration":8,"TimingId":"5d7c63a","SourceContext":"Umbraco.Cms.Core.Logging.ProfilingLogger","ActionId":"814a87cd-85f3-4116-95d7-58556bae330d","ActionName":"Umbraco.Cms.Web.Common.Controllers.RenderController.Index (Umbraco.Web.Common)","RequestId":"8000000c-0001-ff00-b63f-84710c7967bb","RequestPath":"/lre/","ProcessId":3256,"ProcessName":"iisexpress","ThreadId":6,"AppDomainId":1,"AppDomainAppId":"307689e8bfdcf0252f5c2e6e3dba14ce3cd825c7","MachineName":"SBJHBN7VNDN53","Log4NetLevel":"INFO ","HttpRequestId":"6f843751-07c1-4027-9e0a-57def48d11cf","HttpRequestNumber":5,"HttpSessionId":"fae83958-34ea-ef49-d682-31cf93d776dd"}
{"@t":"2023-05-08T04:35:27.5931963Z","@mt":"Unable to configure browser refresh script injection on the response. Consider manually adding '<script src=\"/_framework/aspnetcore-browser-refresh.js\"></script>' to the body of the page.","@l":"Warning","EventId":{"Id":3,"Name":"FailedToConfiguredForRefreshes"},"SourceContext":"Microsoft.AspNetCore.Watch.BrowserRefresh.BrowserRefreshMiddleware","RequestId":"8000000c-0001-ff00-b63f-84710c7967bb","RequestPath":"/lre/","ProcessId":3256,"ProcessName":"iisexpress","ThreadId":6,"AppDomainId":1,"AppDomainAppId":"307689e8bfdcf0252f5c2e6e3dba14ce3cd825c7","MachineName":"SBJHBN7VNDN53","Log4NetLevel":"WARN "}
{"@t":"2023-05-08T04:35:32.9016438Z","@mt":"Unable to configure browser refresh script injection on the response. Consider manually adding '<script src=\"/_framework/aspnetcore-browser-refresh.js\"></script>' to the body of the page.","@l":"Warning","EventId":{"Id":3,"Name":"FailedToConfiguredForRefreshes"},"SourceContext":"Microsoft.AspNetCore.Watch.BrowserRefresh.BrowserRefreshMiddleware","RequestId":"8000000e-0006-ff00-b63f-84710c7967bb","RequestPath":"/","ProcessId":3256,"ProcessName":"iisexpress","ThreadId":6,"AppDomainId":1,"AppDomainAppId":"307689e8bfdcf0252f5c2e6e3dba14ce3cd825c7","MachineName":"SBJHBN7VNDN53","Log4NetLevel":"WARN "}
{"@t":"2023-05-08T06:38:24.6807241Z","@mt":"Increasing the MaxRequestBodySize conflicts with the max value for IIS limit maxAllowedContentLength. HTTP requests that have a content length greater than maxAllowedContentLength will still be rejected by IIS. You can disable the limit by either removing or setting the maxAllowedContentLength value to a higher limit.","@l":"Warning","SourceContext":"Microsoft.AspNetCore.Server.IIS.Core.IISHttpServer","ProcessId":360,"ProcessName":"iisexpress","ThreadId":1,"AppDomainId":1,"AppDomainAppId":"307689e8bfdcf0252f5c2e6e3dba14ce3cd825c7","MachineName":"SBJHBN7VNDN53","Log4NetLevel":"WARN "}
{"@t":"2023-05-08T06:38:24.6983060Z","@mt":"Acquiring.","SourceContext":"Umbraco.Cms.Core.Runtime.MainDom","ProcessId":360,"ProcessName":"iisexpress","ThreadId":1,"AppDomainId":1,"AppDomainAppId":"307689e8bfdcf0252f5c2e6e3dba14ce3cd825c7","MachineName":"SBJHBN7VNDN53","Log4NetLevel":"INFO "}
{"@t":"2023-05-08T06:38:24.7105220Z","@mt":"Acquired.","SourceContext":"Umbraco.Cms.Core.Runtime.MainDom","ProcessId":360,"ProcessName":"iisexpress","ThreadId":1,"AppDomainId":1,"AppDomainAppId":"307689e8bfdcf0252f5c2e6e3dba14ce3cd825c7","MachineName":"SBJHBN7VNDN53","Log4NetLevel":"INFO "}
{"@t":"2023-05-08T06:38:26.3886462Z","@mt":"Application started. Press Ctrl+C to shut down.","SourceContext":"Microsoft.Hosting.Lifetime","ProcessId":360,"ProcessName":"iisexpress","ThreadId":1,"AppDomainId":1,"AppDomainAppId":"307689e8bfdcf0252f5c2e6e3dba14ce3cd825c7","MachineName":"SBJHBN7VNDN53","Log4NetLevel":"INFO "}
{"@t":"2023-05-08T06:38:26.3889387Z","@mt":"Hosting environment: {EnvName}","EnvName":"Development","SourceContext":"Microsoft.Hosting.Lifetime","ProcessId":360,"ProcessName":"iisexpress","ThreadId":1,"AppDomainId":1,"AppDomainAppId":"307689e8bfdcf0252f5c2e6e3dba14ce3cd825c7","MachineName":"SBJHBN7VNDN53","Log4NetLevel":"INFO "}
{"@t":"2023-05-08T06:38:26.3894452Z","@mt":"Content root path: {ContentRoot}","ContentRoot":"C:\\Users\\karthik.muni\\Desktop\\ICIB\\Source\\ICIB\\ICIB.Umbraco","SourceContext":"Microsoft.Hosting.Lifetime","ProcessId":360,"ProcessName":"iisexpress","ThreadId":1,"AppDomainId":1,"AppDomainAppId":"307689e8bfdcf0252f5c2e6e3dba14ce3cd825c7","MachineName":"SBJHBN7VNDN53","Log4NetLevel":"INFO "}
{"@t":"2023-05-08T06:38:26.7248461Z","@mt":"Registered with MainDom, localContentDbExists? {LocalContentDbExists}, localMediaDbExists? {LocalMediaDbExists}","LocalContentDbExists":true,"LocalMediaDbExists":true,"SourceContext":"Umbraco.Cms.Infrastructure.PublishedCache.PublishedSnapshotService","RequestId":"80000002-0006-fc00-b63f-84710c7967bb","RequestPath":"/","ProcessId":360,"ProcessName":"iisexpress","ThreadId":8,"AppDomainId":1,"AppDomainAppId":"307689e8bfdcf0252f5c2e6e3dba14ce3cd825c7","MachineName":"SBJHBN7VNDN53","Log4NetLevel":"INFO ","HttpRequestId":"b5ef1e58-8f12-4969-ac5d-2151b3d65e0c","HttpRequestNumber":1,"HttpSessionId":"0"}
{"@t":"2023-05-08T06:38:26.7272109Z","@mt":"Creating the content store, localContentDbExists? {LocalContentDbExists}","LocalContentDbExists":true,"SourceContext":"Umbraco.Cms.Infrastructure.PublishedCache.PublishedSnapshotService","RequestId":"80000002-0006-fc00-b63f-84710c7967bb","RequestPath":"/","ProcessId":360,"ProcessName":"iisexpress","ThreadId":8,"AppDomainId":1,"AppDomainAppId":"307689e8bfdcf0252f5c2e6e3dba14ce3cd825c7","MachineName":"SBJHBN7VNDN53","Log4NetLevel":"INFO ","HttpRequestId":"b5ef1e58-8f12-4969-ac5d-2151b3d65e0c","HttpRequestNumber":1,"HttpSessionId":"0"}
{"@t":"2023-05-08T06:38:26.7288901Z","@mt":"Creating the media store, localMediaDbExists? {LocalMediaDbExists}","LocalMediaDbExists":true,"SourceContext":"Umbraco.Cms.Infrastructure.PublishedCache.PublishedSnapshotService","RequestId":"80000002-0006-fc00-b63f-84710c7967bb","RequestPath":"/","ProcessId":360,"ProcessName":"iisexpress","ThreadId":8,"AppDomainId":1,"AppDomainAppId":"307689e8bfdcf0252f5c2e6e3dba14ce3cd825c7","MachineName":"SBJHBN7VNDN53","Log4NetLevel":"INFO ","HttpRequestId":"b5ef1e58-8f12-4969-ac5d-2151b3d65e0c","HttpRequestNumber":1,"HttpSessionId":"0"}
{"@t":"2023-05-08T06:38:27.2416184Z","@mt":"{StartMessage} [Timing {TimingId}]","StartMessage":"Loading content from local cache file","TimingId":"e3ad679","SourceContext":"Umbraco.Cms.Core.Logging.ProfilingLogger","RequestId":"80000002-0006-fc00-b63f-84710c7967bb","RequestPath":"/","ProcessId":360,"ProcessName":"iisexpress","ThreadId":8,"AppDomainId":1,"AppDomainAppId":"307689e8bfdcf0252f5c2e6e3dba14ce3cd825c7","MachineName":"SBJHBN7VNDN53","Log4NetLevel":"INFO ","HttpRequestId":"b5ef1e58-8f12-4969-ac5d-2151b3d65e0c","HttpRequestNumber":1,"HttpSessionId":"0"}
{"@t":"2023-05-08T06:38:27.2615063Z","@mt":"{EndMessage} ({Duration}ms) [Timing {TimingId}]","EndMessage":"Completed.","Duration":19,"TimingId":"e3ad679","SourceContext":"Umbraco.Cms.Core.Logging.ProfilingLogger","RequestId":"80000002-0006-fc00-b63f-84710c7967bb","RequestPath":"/","ProcessId":360,"ProcessName":"iisexpress","ThreadId":8,"AppDomainId":1,"AppDomainAppId":"307689e8bfdcf0252f5c2e6e3dba14ce3cd825c7","MachineName":"SBJHBN7VNDN53","Log4NetLevel":"INFO ","HttpRequestId":"b5ef1e58-8f12-4969-ac5d-2151b3d65e0c","HttpRequestNumber":1,"HttpSessionId":"0"}
{"@t":"2023-05-08T06:38:27.2697826Z","@mt":"{StartMessage} [Timing {TimingId}]","StartMessage":"Loading media from local cache file","TimingId":"2503758","SourceContext":"Umbraco.Cms.Core.Logging.ProfilingLogger","RequestId":"80000002-0006-fc00-b63f-84710c7967bb","RequestPath":"/","ProcessId":360,"ProcessName":"iisexpress","ThreadId":8,"AppDomainId":1,"AppDomainAppId":"307689e8bfdcf0252f5c2e6e3dba14ce3cd825c7","MachineName":"SBJHBN7VNDN53","Log4NetLevel":"INFO ","HttpRequestId":"b5ef1e58-8f12-4969-ac5d-2151b3d65e0c","HttpRequestNumber":1,"HttpSessionId":"0"}
{"@t":"2023-05-08T06:38:27.2707260Z","@mt":"Tried to load {entityType} from the local cache file but it was empty.","entityType":"media","SourceContext":"Umbraco.Cms.Infrastructure.PublishedCache.PublishedSnapshotService","RequestId":"80000002-0006-fc00-b63f-84710c7967bb","RequestPath":"/","ProcessId":360,"ProcessName":"iisexpress","ThreadId":8,"AppDomainId":1,"AppDomainAppId":"307689e8bfdcf0252f5c2e6e3dba14ce3cd825c7","MachineName":"SBJHBN7VNDN53","Log4NetLevel":"INFO ","HttpRequestId":"b5ef1e58-8f12-4969-ac5d-2151b3d65e0c","HttpRequestNumber":1,"HttpSessionId":"0"}
{"@t":"2023-05-08T06:38:27.2708919Z","@mt":"{EndMessage} ({Duration}ms) [Timing {TimingId}]","EndMessage":"Completed.","Duration":1,"TimingId":"2503758","SourceContext":"Umbraco.Cms.Core.Logging.ProfilingLogger","RequestId":"80000002-0006-fc00-b63f-84710c7967bb","RequestPath":"/","ProcessId":360,"ProcessName":"iisexpress","ThreadId":8,"AppDomainId":1,"AppDomainAppId":"307689e8bfdcf0252f5c2e6e3dba14ce3cd825c7","MachineName":"SBJHBN7VNDN53","Log4NetLevel":"INFO ","HttpRequestId":"b5ef1e58-8f12-4969-ac5d-2151b3d65e0c","HttpRequestNumber":1,"HttpSessionId":"0"}
{"@t":"2023-05-08T06:38:27.2710594Z","@mt":"Loading media from local db raised warnings, will reload from database.","@l":"Warning","SourceContext":"Umbraco.Cms.Infrastructure.PublishedCache.PublishedSnapshotService","RequestId":"80000002-0006-fc00-b63f-84710c7967bb","RequestPath":"/","ProcessId":360,"ProcessName":"iisexpress","ThreadId":8,"AppDomainId":1,"AppDomainAppId":"307689e8bfdcf0252f5c2e6e3dba14ce3cd825c7","MachineName":"SBJHBN7VNDN53","Log4NetLevel":"WARN ","HttpRequestId":"b5ef1e58-8f12-4969-ac5d-2151b3d65e0c","HttpRequestNumber":1,"HttpSessionId":"0"}
{"@t":"2023-05-08T06:38:27.2738178Z","@mt":"{StartMessage} [Timing {TimingId}]","StartMessage":"Loading media from database","TimingId":"7da4b5e","SourceContext":"Umbraco.Cms.Core.Logging.ProfilingLogger","RequestId":"80000002-0006-fc00-b63f-84710c7967bb","RequestPath":"/","ProcessId":360,"ProcessName":"iisexpress","ThreadId":8,"AppDomainId":1,"AppDomainAppId":"307689e8bfdcf0252f5c2e6e3dba14ce3cd825c7","MachineName":"SBJHBN7VNDN53","Log4NetLevel":"INFO ","HttpRequestId":"b5ef1e58-8f12-4969-ac5d-2151b3d65e0c","HttpRequestNumber":1,"HttpSessionId":"0"}
{"@t":"2023-05-08T06:38:27.3770110Z","@mt":"{EndMessage} ({Duration}ms) [Timing {TimingId}]","EndMessage":"Completed.","Duration":103,"TimingId":"7da4b5e","SourceContext":"Umbraco.Cms.Core.Logging.ProfilingLogger","RequestId":"80000002-0006-fc00-b63f-84710c7967bb","RequestPath":"/","ProcessId":360,"ProcessName":"iisexpress","ThreadId":8,"AppDomainId":1,"AppDomainAppId":"307689e8bfdcf0252f5c2e6e3dba14ce3cd825c7","MachineName":"SBJHBN7VNDN53","Log4NetLevel":"INFO ","HttpRequestId":"b5ef1e58-8f12-4969-ac5d-2151b3d65e0c","HttpRequestNumber":1,"HttpSessionId":"0"}
{"@t":"2023-05-08T06:38:31.9806532Z","@mt":"Unable to configure browser refresh script injection on the response. Consider manually adding '<script src=\"/_framework/aspnetcore-browser-refresh.js\"></script>' to the body of the page.","@l":"Warning","EventId":{"Id":3,"Name":"FailedToConfiguredForRefreshes"},"SourceContext":"Microsoft.AspNetCore.Watch.BrowserRefresh.BrowserRefreshMiddleware","RequestId":"80000002-0006-fc00-b63f-84710c7967bb","RequestPath":"/","ProcessId":360,"ProcessName":"iisexpress","ThreadId":17,"AppDomainId":1,"AppDomainAppId":"307689e8bfdcf0252f5c2e6e3dba14ce3cd825c7","MachineName":"SBJHBN7VNDN53","Log4NetLevel":"WARN "}
{"@t":"2023-05-08T06:39:19.3607400Z","@mt":"Unable to configure browser refresh script injection on the response. Consider manually adding '<script src=\"/_framework/aspnetcore-browser-refresh.js\"></script>' to the body of the page.","@l":"Warning","EventId":{"Id":3,"Name":"FailedToConfiguredForRefreshes"},"SourceContext":"Microsoft.AspNetCore.Watch.BrowserRefresh.BrowserRefreshMiddleware","RequestId":"8000000a-0001-fd00-b63f-84710c7967bb","RequestPath":"/lre","ProcessId":360,"ProcessName":"iisexpress","ThreadId":8,"AppDomainId":1,"AppDomainAppId":"307689e8bfdcf0252f5c2e6e3dba14ce3cd825c7","MachineName":"SBJHBN7VNDN53","Log4NetLevel":"WARN "}
{"@t":"2023-05-08T06:39:26.2472786Z","@mt":"Unable to configure browser refresh script injection on the response. Consider manually adding '<script src=\"/_framework/aspnetcore-browser-refresh.js\"></script>' to the body of the page.","@l":"Warning","EventId":{"Id":3,"Name":"FailedToConfiguredForRefreshes"},"SourceContext":"Microsoft.AspNetCore.Watch.BrowserRefresh.BrowserRefreshMiddleware","RequestId":"8000000e-0003-f800-b63f-84710c7967bb","RequestPath":"/","ProcessId":360,"ProcessName":"iisexpress","ThreadId":17,"AppDomainId":1,"AppDomainAppId":"307689e8bfdcf0252f5c2e6e3dba14ce3cd825c7","MachineName":"SBJHBN7VNDN53","Log4NetLevel":"WARN "}
{"@t":"2023-05-08T06:42:37.3915541Z","@mt":"Unable to configure browser refresh script injection on the response. Consider manually adding '<script src=\"/_framework/aspnetcore-browser-refresh.js\"></script>' to the body of the page.","@l":"Warning","EventId":{"Id":3,"Name":"FailedToConfiguredForRefreshes"},"SourceContext":"Microsoft.AspNetCore.Watch.BrowserRefresh.BrowserRefreshMiddleware","RequestId":"8000000a-0007-fe00-b63f-84710c7967bb","RequestPath":"/lre","ProcessId":360,"ProcessName":"iisexpress","ThreadId":4,"AppDomainId":1,"AppDomainAppId":"307689e8bfdcf0252f5c2e6e3dba14ce3cd825c7","MachineName":"SBJHBN7VNDN53","Log4NetLevel":"WARN "}
{"@t":"2023-05-08T06:42:43.1247896Z","@mt":"Unable to configure browser refresh script injection on the response. Consider manually adding '<script src=\"/_framework/aspnetcore-browser-refresh.js\"></script>' to the body of the page.","@l":"Warning","EventId":{"Id":3,"Name":"FailedToConfiguredForRefreshes"},"SourceContext":"Microsoft.AspNetCore.Watch.BrowserRefresh.BrowserRefreshMiddleware","RequestId":"80000008-0002-fb00-b63f-84710c7967bb","RequestPath":"/lre/","ProcessId":360,"ProcessName":"iisexpress","ThreadId":9,"AppDomainId":1,"AppDomainAppId":"307689e8bfdcf0252f5c2e6e3dba14ce3cd825c7","MachineName":"SBJHBN7VNDN53","Log4NetLevel":"WARN "}
{"@t":"2023-05-08T06:44:25.8791813Z","@mt":"Unable to configure browser refresh script injection on the response. Consider manually adding '<script src=\"/_framework/aspnetcore-browser-refresh.js\"></script>' to the body of the page.","@l":"Warning","EventId":{"Id":3,"Name":"FailedToConfiguredForRefreshes"},"SourceContext":"Microsoft.AspNetCore.Watch.BrowserRefresh.BrowserRefreshMiddleware","RequestId":"8000000c-0007-fe00-b63f-84710c7967bb","RequestPath":"/","ProcessId":360,"ProcessName":"iisexpress","ThreadId":28,"AppDomainId":1,"AppDomainAppId":"307689e8bfdcf0252f5c2e6e3dba14ce3cd825c7","MachineName":"SBJHBN7VNDN53","Log4NetLevel":"WARN "}
{"@t":"2023-05-08T06:46:38.9867025Z","@mt":"Unable to configure browser refresh script injection on the response. Consider manually adding '<script src=\"/_framework/aspnetcore-browser-refresh.js\"></script>' to the body of the page.","@l":"Warning","EventId":{"Id":3,"Name":"FailedToConfiguredForRefreshes"},"SourceContext":"Microsoft.AspNetCore.Watch.BrowserRefresh.BrowserRefreshMiddleware","RequestId":"80000011-0003-f800-b63f-84710c7967bb","RequestPath":"/","ProcessId":360,"ProcessName":"iisexpress","ThreadId":4,"AppDomainId":1,"AppDomainAppId":"307689e8bfdcf0252f5c2e6e3dba14ce3cd825c7","MachineName":"SBJHBN7VNDN53","Log4NetLevel":"WARN "}
{"@t":"2023-05-08T06:46:41.8172761Z","@mt":"Unable to configure browser refresh script injection on the response. Consider manually adding '<script src=\"/_framework/aspnetcore-browser-refresh.js\"></script>' to the body of the page.","@l":"Warning","EventId":{"Id":3,"Name":"FailedToConfiguredForRefreshes"},"SourceContext":"Microsoft.AspNetCore.Watch.BrowserRefresh.BrowserRefreshMiddleware","RequestId":"80000013-0003-f800-b63f-84710c7967bb","RequestPath":"/","ProcessId":360,"ProcessName":"iisexpress","ThreadId":9,"AppDomainId":1,"AppDomainAppId":"307689e8bfdcf0252f5c2e6e3dba14ce3cd825c7","MachineName":"SBJHBN7VNDN53","Log4NetLevel":"WARN "}
{"@t":"2023-05-08T06:46:43.7999953Z","@mt":"Unable to configure browser refresh script injection on the response. Consider manually adding '<script src=\"/_framework/aspnetcore-browser-refresh.js\"></script>' to the body of the page.","@l":"Warning","EventId":{"Id":3,"Name":"FailedToConfiguredForRefreshes"},"SourceContext":"Microsoft.AspNetCore.Watch.BrowserRefresh.BrowserRefreshMiddleware","RequestId":"8000000c-0000-fe00-b63f-84710c7967bb","RequestPath":"/","ProcessId":360,"ProcessName":"iisexpress","ThreadId":29,"AppDomainId":1,"AppDomainAppId":"307689e8bfdcf0252f5c2e6e3dba14ce3cd825c7","MachineName":"SBJHBN7VNDN53","Log4NetLevel":"WARN "}
{"@t":"2023-05-08T06:46:55.5337065Z","@mt":"Unable to configure browser refresh script injection on the response. Consider manually adding '<script src=\"/_framework/aspnetcore-browser-refresh.js\"></script>' to the body of the page.","@l":"Warning","EventId":{"Id":3,"Name":"FailedToConfiguredForRefreshes"},"SourceContext":"Microsoft.AspNetCore.Watch.BrowserRefresh.BrowserRefreshMiddleware","RequestId":"80000008-0002-f900-b63f-84710c7967bb","RequestPath":"/registerlogin","ProcessId":360,"ProcessName":"iisexpress","ThreadId":9,"AppDomainId":1,"AppDomainAppId":"307689e8bfdcf0252f5c2e6e3dba14ce3cd825c7","MachineName":"SBJHBN7VNDN53","Log4NetLevel":"WARN "}
{"@t":"2023-05-08T06:47:59.7226807Z","@mt":"{StartMessage} [Timing {TimingId}]","StartMessage":"Executing Umbraco RouteDefinition controller","TimingId":"e932f5c","SourceContext":"Umbraco.Cms.Core.Logging.ProfilingLogger","ActionId":"f20a6cee-b0a8-4d13-b089-5f077e9011d9","ActionName":"ICIB.Umbraco.Controllers.MemberAuthenticationSurfaceController.Login (ICIB.Umbraco)","RequestId":"8000000e-0007-fe00-b63f-84710c7967bb","RequestPath":"/registerlogin","ProcessId":360,"ProcessName":"iisexpress","ThreadId":15,"AppDomainId":1,"AppDomainAppId":"307689e8bfdcf0252f5c2e6e3dba14ce3cd825c7","MachineName":"SBJHBN7VNDN53","Log4NetLevel":"INFO ","HttpRequestId":"4aa8d0bd-8ae5-4607-9b33-4c87342f781c","HttpRequestNumber":2,"HttpSessionId":"c624a6ce-4dc1-a7c8-4ad5-0f50fc19ba28"}
{"@t":"2023-05-08T06:47:59.7377289Z","@mt":"{EndMessage} ({Duration}ms) [Timing {TimingId}]","EndMessage":"Finished","Duration":14,"TimingId":"e932f5c","SourceContext":"Umbraco.Cms.Core.Logging.ProfilingLogger","ActionId":"669513c6-3904-45cc-b822-7c3f9beefc14","ActionName":"Umbraco.Cms.Web.Common.Controllers.RenderController.Index (Umbraco.Web.Common)","RequestId":"8000000e-0007-fe00-b63f-84710c7967bb","RequestPath":"/registerlogin","ProcessId":360,"ProcessName":"iisexpress","ThreadId":25,"AppDomainId":1,"AppDomainAppId":"307689e8bfdcf0252f5c2e6e3dba14ce3cd825c7","MachineName":"SBJHBN7VNDN53","Log4NetLevel":"INFO ","HttpRequestId":"4aa8d0bd-8ae5-4607-9b33-4c87342f781c","HttpRequestNumber":2,"HttpSessionId":"c624a6ce-4dc1-a7c8-4ad5-0f50fc19ba28"}
{"@t":"2023-05-08T06:47:59.7423041Z","@mt":"Unable to configure browser refresh script injection on the response. Consider manually adding '<script src=\"/_framework/aspnetcore-browser-refresh.js\"></script>' to the body of the page.","@l":"Warning","EventId":{"Id":3,"Name":"FailedToConfiguredForRefreshes"},"SourceContext":"Microsoft.AspNetCore.Watch.BrowserRefresh.BrowserRefreshMiddleware","RequestId":"8000000e-0007-fe00-b63f-84710c7967bb","RequestPath":"/registerlogin","ProcessId":360,"ProcessName":"iisexpress","ThreadId":9,"AppDomainId":1,"AppDomainAppId":"307689e8bfdcf0252f5c2e6e3dba14ce3cd825c7","MachineName":"SBJHBN7VNDN53","Log4NetLevel":"WARN "}
{"@t":"2023-05-08T06:48:06.5056166Z","@mt":"Unable to configure browser refresh script injection on the response. Consider manually adding '<script src=\"/_framework/aspnetcore-browser-refresh.js\"></script>' to the body of the page.","@l":"Warning","EventId":{"Id":3,"Name":"FailedToConfiguredForRefreshes"},"SourceContext":"Microsoft.AspNetCore.Watch.BrowserRefresh.BrowserRefreshMiddleware","RequestId":"80000009-0006-fd00-b63f-84710c7967bb","RequestPath":"/","ProcessId":360,"ProcessName":"iisexpress","ThreadId":9,"AppDomainId":1,"AppDomainAppId":"307689e8bfdcf0252f5c2e6e3dba14ce3cd825c7","MachineName":"SBJHBN7VNDN53","Log4NetLevel":"WARN "}
{"@t":"2023-05-08T06:48:20.6942915Z","@mt":"Unable to configure browser refresh script injection on the response. Consider manually adding '<script src=\"/_framework/aspnetcore-browser-refresh.js\"></script>' to the body of the page.","@l":"Warning","EventId":{"Id":3,"Name":"FailedToConfiguredForRefreshes"},"SourceContext":"Microsoft.AspNetCore.Watch.BrowserRefresh.BrowserRefreshMiddleware","RequestId":"8000000e-0002-fb00-b63f-84710c7967bb","RequestPath":"/lre","ProcessId":360,"ProcessName":"iisexpress","ThreadId":9,"AppDomainId":1,"AppDomainAppId":"307689e8bfdcf0252f5c2e6e3dba14ce3cd825c7","MachineName":"SBJHBN7VNDN53","Log4NetLevel":"WARN "}
